{"count":1,"self":5.8647903999999995,"total":29.5787239,"children":{"AgentSendState":{"count":15051,"self":0.13698929999999998,"total":0.2949037,"children":{"CollectObservations":{"count":13554,"self":0.020987699999999998,"total":0.020987699999999998,"children":null},"CollectDiscreteActionMasks":{"count":13554,"self":0.013974799999999999,"total":0.013974799999999999,"children":null},"AgentInfo.ToProto":{"count":13554,"self":0.0679842,"total":0.12295189999999999,"children":{"GenerateSensorData":{"count":13554,"self":0.054967699999999994,"total":0.054967699999999994,"children":null}}}}},"DecideAction":{"count":15051,"self":23.221982399999998,"total":23.2219828,"children":null},"AgentAct":{"count":15051,"self":0.1860645,"total":0.1960467,"children":{"AgentInfo.ToProto":{"count":1441,"self":0.0029836999999999997,"total":0.0099822,"children":{"GenerateSensorData":{"count":1441,"self":0.0069984999999999995,"total":0.0069984999999999995,"children":null}}}}}},"gauges":{"RollerBall.CumulativeReward":{"count":1441,"max":2,"min":-1.2349999,"runningAverage":0.7431891,"value":-1.105,"weightedAverage":-0.9266381}},"metadata":{"timer_format_version":"0.1.0","start_time_seconds":"1599608580","unity_version":"2020.1.3f1","command_line_arguments":"C:\\Program Files\\Unity\\2020.1.3f1\\Editor\\Unity.exe -projectpath C:\/Users\/Ukasz\/Desktop\/ISA\/Unity -useHub -hubIPC -cloudEnvironment production -hubSessionId 52e127c0-f1ba-11ea-bf45-bf5c90fef6ff -accessToken C5Wndl-0p8aSe2Bp5BvoSZQmw2jVuJMbbr9witiTZ6Y007f","communication_protocol_version":"1.0.0","com.unity.ml-agents_version":"1.0.3","scene_name":"SampleScene","end_time_seconds":"1599608610"}}