{"count":1,"self":431.2470016,"total":1053.3005151,"children":{"AgentSendState":{"count":833434,"self":8.6635984,"total":18.5047999,"children":{"CollectObservations":{"count":1000140,"self":2.7617111999999997,"total":2.7617111999999997,"children":null},"CollectDiscreteActionMasks":{"count":1000140,"self":0.9363168,"total":0.9363168,"children":null},"AgentInfo.ToProto":{"count":1000140,"self":2.8071012,"total":6.1431738,"children":{"GenerateSensorData":{"count":1000140,"self":3.3360724,"total":3.3360724999999998,"children":null}}}}},"DecideAction":{"count":833434,"self":600.0492544,"total":600.0492358,"children":null},"AgentAct":{"count":833434,"self":2.947556,"total":3.4984906999999996,"children":{"AgentInfo.ToProto":{"count":70708,"self":0.23691659999999998,"total":0.55093459999999994,"children":{"GenerateSensorData":{"count":70708,"self":0.31401799999999996,"total":0.31401799999999996,"children":null}}}}}},"gauges":{"My Behavior.CumulativeReward":{"count":70708,"max":1,"min":-1.287005,"runningAverage":0.8803548,"value":-0.0180000011,"weightedAverage":0.573993742}},"metadata":{"timer_format_version":"0.1.0","start_time_seconds":"1600444010","unity_version":"2020.1.3f1","command_line_arguments":"C:\\Program Files\\Unity\\2020.1.3f1\\Editor\\Unity.exe -projectpath C:\/Users\/Ukasz\/Desktop\/ISA4\/ISA\/Unity -useHub -hubIPC -cloudEnvironment production -hubSessionId 80b70a10-f9a9-11ea-bc03-4b3d14130044 -accessToken _0-fJY0uyRx-DVsgzHXBY8MikWAa79P-HbdbsvrYTAg007f","communication_protocol_version":"1.0.0","com.unity.ml-agents_version":"1.0.4","scene_name":"SteeringWheelSimCarScene","end_time_seconds":"1600445063"}}