{"count":1,"self":568.9158656,"total":1296.2221121999999,"children":{"AgentSendState":{"count":1212786,"self":14.105556799999999,"total":32.500729299999996,"children":{"CollectObservations":{"count":1455360,"self":6.0962616,"total":6.0962613999999995,"children":null},"CollectDiscreteActionMasks":{"count":1455360,"self":1.4092148999999998,"total":1.4092148999999998,"children":null},"AgentInfo.ToProto":{"count":1455360,"self":4.7883211999999995,"total":10.8896956,"children":{"GenerateSensorData":{"count":1455360,"self":6.1013744,"total":6.1013743,"children":null}}}}},"DecideAction":{"count":1212786,"self":692.58147839999992,"total":692.581493,"children":null},"AgentAct":{"count":1212786,"self":2.058106,"total":2.2230000999999997,"children":{"AgentInfo.ToProto":{"count":20784,"self":0.058934299999999995,"total":0.1648941,"children":{"GenerateSensorData":{"count":20784,"self":0.10595979999999999,"total":0.10595979999999999,"children":null}}}}}},"gauges":{"DrivingOn2WheelsAgent.CumulativeReward":{"count":20784,"max":506.1599,"min":-230.73114,"runningAverage":110.607155,"value":81.02921,"weightedAverage":96.37094}},"metadata":{"timer_format_version":"0.1.0","start_time_seconds":"1600801926","unity_version":"2020.1.3f1","command_line_arguments":"C:\\Program Files\\Unity\\2020.1.3f1\\Editor\\Unity.exe -projectpath C:\/Users\/Ukasz\/Desktop\/ISA4\/ISA\/Unity -useHub -hubIPC -cloudEnvironment production -hubSessionId f8347810-fcc0-11ea-9552-854a048c6d60 -accessToken uG2mYJVxpkJ4KalvPFl4Ql9xDlE0YGo3XPu7zJClG8Q007f","communication_protocol_version":"1.0.0","com.unity.ml-agents_version":"1.0.4","scene_name":"TestScene","end_time_seconds":"1600803222"}}