{"count":1,"self":295.4223872,"total":850.6081015,"children":{"AgentSendState":{"count":838434,"self":7.6139984,"total":16.583005699999998,"children":{"CollectObservations":{"count":1006140,"self":2.3915531999999997,"total":2.3915531999999997,"children":null},"CollectDiscreteActionMasks":{"count":1006140,"self":0.8417068,"total":0.8417068,"children":null},"AgentInfo.ToProto":{"count":1006140,"self":2.5656988,"total":5.7357474,"children":{"GenerateSensorData":{"count":1006140,"self":3.1700488,"total":3.1700486999999997,"children":null}}}}},"DecideAction":{"count":838434,"self":524.80404479999993,"total":524.80403289999992,"children":null},"AgentAct":{"count":838434,"self":13.3617616,"total":13.797675499999999,"children":{"AgentInfo.ToProto":{"count":45247,"self":0.17992149999999998,"total":0.43591389999999997,"children":{"GenerateSensorData":{"count":45247,"self":0.2559924,"total":0.2559924,"children":null}}}}}},"gauges":{"SlidingCarAgent.CumulativeReward":{"count":45247,"max":2,"min":-2.95201659,"runningAverage":0.8330776,"value":0.961,"weightedAverage":0.6957303}},"metadata":{"timer_format_version":"0.1.0","start_time_seconds":"1600447666","unity_version":"2020.1.3f1","command_line_arguments":"C:\\Program Files\\Unity\\2020.1.3f1\\Editor\\Unity.exe -projectpath C:\/Users\/Ukasz\/Desktop\/ISA4\/ISA\/Unity -useHub -hubIPC -cloudEnvironment production -hubSessionId 80b70a10-f9a9-11ea-bc03-4b3d14130044 -accessToken _0-fJY0uyRx-DVsgzHXBY8MikWAa79P-HbdbsvrYTAg007f","communication_protocol_version":"1.0.0","com.unity.ml-agents_version":"1.0.4","scene_name":"WheelSimCarScene","end_time_seconds":"1600448517"}}